name,score,grade-level
flesch-kincaid,11.21493683405587,11
flesch,50.22123211532414,['10', '11', '12']
gunning-fog,12.199667875657926,12
coleman_liau,10.746451438362339,11
dalle-chall,9.829232063342637,['college']
ARI,11.376334776937817,['12']
linesear-write,12.871482176360225,13
smog,12.161744961471694,12
spache,6.959195352898609,7
